"DateTime","CaseID","TradingPeriod","Pnodename","vSPDDollarsPerMegawattHour","vSPDLoadMegawatts","vSPDGenerationMegawatts"
"26-FEB-2025 11:55","251012025022255930","TP24","ABY0111",78.78809,1.61831,0.00000
"26-FEB-2025 11:55","251012025022255930","TP24","ABY1101",78.76850,0.00000,0.00000
"26-FEB-2025 11:55","251012025022255930","TP24","ALB0331",93.63014,85.42383,0.00000
"26-FEB-2025 11:55","251012025022255930","TP24","ALB1101",93.50033,36.87140,0.00000
"26-FEB-2025 11:55","251012025022255930","TP24","ALB2201",93.39322,0.00000,0.00000
"26-FEB-2025 11:55","251012025022255930","TP24","APS0111",80.01390,0.12889,0.00000
"26-FEB-2025 11:55","251012025022255930","TP24","APS0661",79.98165,0.00000,0.00000
"26-FEB-2025 11:55","251012025022255930","TP24","ARA2201",86.56651,0.00000,0.00000
"26-FEB-2025 11:55","251012025022255930","TP24","ARA2201 ARA0",86.56651,0.00000,1.00000
"26-FEB-2025 11:55","251012025022255930","TP24","ARG1101",81.53028,0.00000,0.00000
"26-FEB-2025 11:55","251012025022255930","TP24","ARG1101 BRR0",81.53028,0.00000,0.00000
"26-FEB-2025 11:55","251012025022255930","TP24","ARI1101",88.75416,0.00000,0.00000
"26-FEB-2025 11:55","251012025022255930","TP24","ARI1101 ARI0",88.75416,0.00000,46.00000
"26-FEB-2025 11:55","251012025022255930","TP24","ARI1102",91.50869,11.07158,0.00000
"26-FEB-2025 11:55","251012025022255930","TP24","ARI1102 ARI0",91.50869,0.00000,20.00000
"26-FEB-2025 11:55","251012025022255930","TP24","ASB0661",79.77717,51.91200,0.00000
"26-FEB-2025 11:55","251012025022255930","TP24","ASB0661 HBK0",79.77717,0.00000,0.00000
"26-FEB-2025 11:55","251012025022255930","TP24","ASB2201",79.73601,0.00000,0.00000
"26-FEB-2025 11:55","251012025022255930","TP24","ASY0111",81.63594,5.14390,0.00000
"26-FEB-2025 11:55","251012025022255930","TP24","ASY0661",81.58050,0.00000,0.00000
"26-FEB-2025 11:55","251012025022255930","TP24","ATI2201",87.47158,0.00000,0.00000
"26-FEB-2025 11:55","251012025022255930","TP24","ATI2201 ATI0",87.47158,0.00000,17.00000
"26-FEB-2025 11:55","251012025022255930","TP24","AVI2201",76.46190,0.00000,0.00000
"26-FEB-2025 11:55","251012025022255930","TP24","AVI2201 AVI0",76.46190,0.00000,194.32600
"26-FEB-2025 11:55","251012025022255930","TP24","BAL0331",80.49426,10.63458,0.00000
"26-FEB-2025 11:55","251012025022255930","TP24","BAL1101",80.40681,0.00000,0.00000
"26-FEB-2025 11:55","251012025022255930","TP24","BDE0111",80.08916,0.23119,0.00000
"26-FEB-2025 11:55","251012025022255930","TP24","BDE1101",80.03460,0.00000,0.00000
"26-FEB-2025 11:55","251012025022255930","TP24","BEN2201",76.70559,0.00000,0.00000
"26-FEB-2025 11:55","251012025022255930","TP24","BEN2202",76.70559,0.00000,0.00000
"26-FEB-2025 11:55","251012025022255930","TP24","BEN2202 BEN0",76.70559,0.00000,410.55700
"26-FEB-2025 11:55","251012025022255930","TP24","BEN3502",76.70559,0.00000,0.00000
"26-FEB-2025 11:55","251012025022255930","TP24","BEN3503",76.70559,0.00000,0.00000
"26-FEB-2025 11:55","251012025022255930","TP24","BHL2201",0.00000,0.00000,0.00000
"26-FEB-2025 11:55","251012025022255930","TP24","BHL2202",92.65586,0.00000,0.00000
"26-FEB-2025 11:55","251012025022255930","TP24","BLN0331",82.77383,31.84593,0.00000
"26-FEB-2025 11:55","251012025022255930","TP24","BLN1101",82.64898,0.00000,0.00000
"26-FEB-2025 11:55","251012025022255930","TP24","BOB0331",0.00000,0.00000,0.00000
"26-FEB-2025 11:55","251012025022255930","TP24","BOB1101",92.36052,65.92160,0.00000
"26-FEB-2025 11:55","251012025022255930","TP24","BOB2204",92.05885,0.00000,0.00000
"26-FEB-2025 11:55","251012025022255930","TP24","BOB2205",92.07118,0.00000,0.00000
"26-FEB-2025 11:55","251012025022255930","TP24","BOT2201",92.05834,0.00000,0.00000
"26-FEB-2025 11:55","251012025022255930","TP24","BOT2202",92.07067,0.00000,0.00000
"26-FEB-2025 11:55","251012025022255930","TP24","BPC1101",77.65166,0.00000,0.00000
"26-FEB-2025 11:55","251012025022255930","TP24","BPD1101",78.39073,4.97051,0.00000
"26-FEB-2025 11:55","251012025022255930","TP24","BPE0331",82.23959,44.48946,0.00000
"26-FEB-2025 11:55","251012025022255930","TP24","BPE0331 TWF0",82.23959,0.00000,30.00000
"26-FEB-2025 11:55","251012025022255930","TP24","BPE0551",82.24504,0.00000,0.00000
"26-FEB-2025 11:55","251012025022255930","TP24","BPE1101",82.36221,0.00000,0.00000
"26-FEB-2025 11:55","251012025022255930","TP24","BPE2201",82.17924,0.00000,0.00000
"26-FEB-2025 11:55","251012025022255930","TP24","BPT1101",77.66915,0.24737,0.00000
"26-FEB-2025 11:55","251012025022255930","TP24","BRB0331",94.11657,14.01723,0.00000
"26-FEB-2025 11:55","251012025022255930","TP24","BRB2201",94.04973,0.00000,0.00000
"26-FEB-2025 11:55","251012025022255930","TP24","BRK0331",82.71914,15.33769,0.00000
"26-FEB-2025 11:55","251012025022255930","TP24","BRK2201",82.55671,0.00000,0.00000
"26-FEB-2025 11:55","251012025022255930","TP24","BRK2202",82.55671,0.00000,0.00000
"26-FEB-2025 11:55","251012025022255930","TP24","BRY0661",80.22644,44.38780,0.00000
"26-FEB-2025 11:55","251012025022255930","TP24","BRY2201",80.19692,0.00000,0.00000
"26-FEB-2025 11:55","251012025022255930","TP24","BWK1101",78.94927,0.00000,0.00000
"26-FEB-2025 11:55","251012025022255930","TP24","BWK1101 WPI0",78.94927,0.00000,0.00000
"26-FEB-2025 11:55","251012025022255930","TP24","CBG0111",92.18735,31.38640,0.00000
"26-FEB-2025 11:55","251012025022255930","TP24","CBG1101",91.64347,0.00000,0.00000
"26-FEB-2025 11:55","251012025022255930","TP24","CBG1102",91.64365,0.00000,0.00000
"26-FEB-2025 11:55","251012025022255930","TP24","CLH0111",79.25925,0.11559,0.00000
"26-FEB-2025 11:55","251012025022255930","TP24","CLH0661",79.19253,0.00000,0.00000
"26-FEB-2025 11:55","251012025022255930","TP24","CML0331",77.37667,13.58220,0.00000
"26-FEB-2025 11:55","251012025022255930","TP24","CML1101",77.36780,0.00000,0.00000
"26-FEB-2025 11:55","251012025022255930","TP24","CML1102",77.36676,0.00000,0.00000
"26-FEB-2025 11:55","251012025022255930","TP24","CML2201",77.33798,0.00000,0.00000
"26-FEB-2025 11:55","251012025022255930","TP24","CML2202",77.33887,0.00000,0.00000
"26-FEB-2025 11:55","251012025022255930","TP24","COL0111",78.70504,0.13062,0.00000
"26-FEB-2025 11:55","251012025022255930","TP24","COL0661",78.65696,0.00000,0.00000
"26-FEB-2025 11:55","251012025022255930","TP24","COL0661 COL0",78.65696,0.00000,20.00000
"26-FEB-2025 11:55","251012025022255930","TP24","CPK0111",82.26633,10.76686,0.00000
"26-FEB-2025 11:55","251012025022255930","TP24","CPK0331",81.92235,80.75142,0.00000
"26-FEB-2025 11:55","251012025022255930","TP24","CPK1101",81.60072,0.00000,0.00000
"26-FEB-2025 11:55","251012025022255930","TP24","CPK1102",81.59960,0.00000,0.00000
"26-FEB-2025 11:55","251012025022255930","TP24","CPK1103",81.76132,0.00000,0.00000
"26-FEB-2025 11:55","251012025022255930","TP24","CST0331",82.31553,37.07455,0.00000
"26-FEB-2025 11:55","251012025022255930","TP24","CST1101",82.16313,0.00000,0.00000
"26-FEB-2025 11:55","251012025022255930","TP24","CUL0331",80.65047,5.37508,0.00000
"26-FEB-2025 11:55","251012025022255930","TP24","CUL0661",80.73390,2.31186,0.00000
"26-FEB-2025 11:55","251012025022255930","TP24","CUL2202",80.60855,0.00000,0.00000
"26-FEB-2025 11:55","251012025022255930","TP24","CUL2203",80.60721,0.00000,0.00000
"26-FEB-2025 11:55","251012025022255930","TP24","CYD0331",77.44036,3.00542,0.00000
"26-FEB-2025 11:55","251012025022255930","TP24","CYD2201",77.42120,0.00000,0.00000
"26-FEB-2025 11:55","251012025022255930","TP24","CYD2201 CYD0",77.42120,0.00000,90.00000
"26-FEB-2025 11:55","251012025022255930","TP24","DOB0331",82.24575,2.08068,0.00000
"26-FEB-2025 11:55","251012025022255930","TP24","DOB0661",82.18502,0.00000,0.00000
"26-FEB-2025 11:55","251012025022255930","TP24","DOB1101",82.16132,0.00000,0.00000
"26-FEB-2025 11:55","251012025022255930","TP24","DOB1102",82.24247,0.00000,0.00000
"26-FEB-2025 11:55","251012025022255930","TP24","DRY2201",92.40464,0.00000,0.00000
"26-FEB-2025 11:55","251012025022255930","TP24","DRY2202",92.40464,0.00000,0.00000
"26-FEB-2025 11:55","251012025022255930","TP24","DVK0111",84.27150,8.83695,0.00000
"26-FEB-2025 11:55","251012025022255930","TP24","DVK1101",84.13328,0.00000,0.00000
"26-FEB-2025 11:55","251012025022255930","TP24","DVK1102",84.16842,0.00000,0.00000
"26-FEB-2025 11:55","251012025022255930","TP24","EDG0331",87.05136,18.10000,0.00000
"26-FEB-2025 11:55","251012025022255930","TP24","EDG1101",86.51828,0.00000,0.00000
"26-FEB-2025 11:55","251012025022255930","TP24","EDG1102",86.51828,0.00000,0.00000
"26-FEB-2025 11:55","251012025022255930","TP24","EDG2201",87.00678,0.00000,0.00000
"26-FEB-2025 11:55","251012025022255930","TP24","EDN0331",80.98347,23.10709,0.00000
"26-FEB-2025 11:55","251012025022255930","TP24","EDN1101",80.71663,0.00000,0.00000
"26-FEB-2025 11:55","251012025022255930","TP24","FHL0331",89.09380,45.09891,0.00000
"26-FEB-2025 11:55","251012025022255930","TP24","FHL1101",88.93578,0.00000,0.00000
"26-FEB-2025 11:55","251012025022255930","TP24","FKN0331",77.72891,16.41424,0.00000
"26-FEB-2025 11:55","251012025022255930","TP24","FKN1101",77.68977,0.00000,0.00000
"26-FEB-2025 11:55","251012025022255930","TP24","FKN1102",77.69595,0.00000,0.00000
"26-FEB-2025 11:55","251012025022255930","TP24","GFD0331",81.62949,35.44937,0.00000
"26-FEB-2025 11:55","251012025022255930","TP24","GFD1101",81.41820,0.00000,0.00000
"26-FEB-2025 11:55","251012025022255930","TP24","GFD1102",81.30464,0.00000,0.00000
"26-FEB-2025 11:55","251012025022255930","TP24","GLN0331",92.64553,62.30000,0.00000
"26-FEB-2025 11:55","251012025022255930","TP24","GLN0332",92.39265,25.90140,0.00000
"26-FEB-2025 11:55","251012025022255930","TP24","GLN0332 GLN0",92.39265,0.00000,47.10000
"26-FEB-2025 11:55","251012025022255930","TP24","GLN2201",92.51269,0.00000,0.00000
"26-FEB-2025 11:55","251012025022255930","TP24","GNY1101",78.52760,0.00000,0.00000
"26-FEB-2025 11:55","251012025022255930","TP24","GOR0331",79.17207,14.45089,0.00000
"26-FEB-2025 11:55","251012025022255930","TP24","GOR0331 KWD0",79.17207,0.00000,25.64600
"26-FEB-2025 11:55","251012025022255930","TP24","GOR1101",79.21120,0.00000,0.00000
"26-FEB-2025 11:55","251012025022255930","TP24","GOR1102",79.21120,0.00000,0.00000
"26-FEB-2025 11:55","251012025022255930","TP24","GOR2201",79.15667,0.00000,0.00000
"26-FEB-2025 11:55","251012025022255930","TP24","GOR2202",79.15642,0.00000,0.00000
"26-FEB-2025 11:55","251012025022255930","TP24","GOT2201",79.16205,0.00000,0.00000
"26-FEB-2025 11:55","251012025022255930","TP24","GOT2202",79.16190,0.00000,0.00000
"26-FEB-2025 11:55","251012025022255930","TP24","GYM0661",82.25052,3.93017,0.00000
"26-FEB-2025 11:55","251012025022255930","TP24","GYT0331",83.58230,10.05584,0.00000
"26-FEB-2025 11:55","251012025022255930","TP24","GYT1101",83.13000,0.00000,0.00000
"26-FEB-2025 11:55","251012025022255930","TP24","GYT1102",83.12955,0.00000,0.00000
"26-FEB-2025 11:55","251012025022255930","TP24","HAM0111",91.16200,16.86130,0.00000
"26-FEB-2025 11:55","251012025022255930","TP24","HAM0331",90.85713,91.41671,0.00000
"26-FEB-2025 11:55","251012025022255930","TP24","HAM0551",90.61894,0.00000,0.00000
"26-FEB-2025 11:55","251012025022255930","TP24","HAM1101",90.82853,0.00000,0.00000
"26-FEB-2025 11:55","251012025022255930","TP24","HAM2201",90.55764,0.00000,0.00000
"26-FEB-2025 11:55","251012025022255930","TP24","HAY0111",81.33862,6.90704,0.00000
"26-FEB-2025 11:55","251012025022255930","TP24","HAY0331",81.34488,8.02436,0.00000
"26-FEB-2025 11:55","251012025022255930","TP24","HAY1101",81.25298,0.00000,0.00000
"26-FEB-2025 11:55","251012025022255930","TP24","HAY2201",81.25255,0.00000,0.00000
"26-FEB-2025 11:55","251012025022255930","TP24","HAY3502",81.25255,0.00000,0.00000
"26-FEB-2025 11:55","251012025022255930","TP24","HAY3503",81.25255,0.00000,0.00000
"26-FEB-2025 11:55","251012025022255930","TP24","HEN0331",93.71554,76.18059,0.00000
"26-FEB-2025 11:55","251012025022255930","TP24","HEN1101",93.33358,0.00000,0.00000
"26-FEB-2025 11:55","251012025022255930","TP24","HEN2201",93.42485,0.00000,0.00000
"26-FEB-2025 11:55","251012025022255930","TP24","HEP0331",93.91710,78.71994,0.00000
"26-FEB-2025 11:55","251012025022255930","TP24","HEP1101",93.66808,0.00000,0.00000
"26-FEB-2025 11:55","251012025022255930","TP24","HIN0331",92.54323,13.10306,0.00000
"26-FEB-2025 11:55","251012025022255930","TP24","HIN1101",92.49497,0.00000,0.00000
"26-FEB-2025 11:55","251012025022255930","TP24","HKK0661",81.24657,2.94763,0.00000
"26-FEB-2025 11:55","251012025022255930","TP24","HLY0331",90.08916,15.94714,0.00000
"26-FEB-2025 11:55","251012025022255930","TP24","HLY0331 RHO0",90.08916,0.00000,0.00000
"26-FEB-2025 11:55","251012025022255930","TP24","HLY0331 RHO99",90.08916,0.00000,0.00000
"26-FEB-2025 11:55","251012025022255930","TP24","HLY2201",90.04950,7.39155,0.00000
"26-FEB-2025 11:55","251012025022255930","TP24","HLY2201 HLY1",90.04950,0.00000,0.00000
"26-FEB-2025 11:55","251012025022255930","TP24","HLY2201 HLY2",90.04950,0.00000,0.00000
"26-FEB-2025 11:55","251012025022255930","TP24","HLY2201 HLY4",90.04950,0.00000,217.68500
"26-FEB-2025 11:55","251012025022255930","TP24","HLY2201 HLY5",90.04950,0.00000,226.63739
"26-FEB-2025 11:55","251012025022255930","TP24","HLY2201 HLY6",90.04950,0.00000,41.00000
"26-FEB-2025 11:55","251012025022255930","TP24","HOB1101",93.23393,50.17761,0.00000
"26-FEB-2025 11:55","251012025022255930","TP24","HOB2201",93.19627,0.00000,0.00000
"26-FEB-2025 11:55","251012025022255930","TP24","HOR0331",81.20067,6.35763,0.00000
"26-FEB-2025 11:55","251012025022255930","TP24","HOR0661",81.11392,3.52559,0.00000
"26-FEB-2025 11:55","251012025022255930","TP24","HPI2201",93.48905,0.00000,0.00000
"26-FEB-2025 11:55","251012025022255930","TP24","HPI2202",93.48905,0.00000,0.00000
"26-FEB-2025 11:55","251012025022255930","TP24","HRP2201",87.50334,0.41645,0.00000
"26-FEB-2025 11:55","251012025022255930","TP24","HRP2201 HRP0",87.50334,0.00000,0.00000
"26-FEB-2025 11:55","251012025022255930","TP24","HTI0331",93.97289,17.16603,0.00000
"26-FEB-2025 11:55","251012025022255930","TP24","HTI1101",93.40895,15.03297,0.00000
"26-FEB-2025 11:55","251012025022255930","TP24","HUI0331",82.34565,21.33056,0.00000
"26-FEB-2025 11:55","251012025022255930","TP24","HUI1101",82.20270,0.00000,0.00000
"26-FEB-2025 11:55","251012025022255930","TP24","HWA0331",84.06446,18.68964,0.00000
"26-FEB-2025 11:55","251012025022255930","TP24","HWA0332",84.09531,10.56371,0.00000
"26-FEB-2025 11:55","251012025022255930","TP24","HWA1101",83.86875,1.73489,0.00000
"26-FEB-2025 11:55","251012025022255930","TP24","HWA1101 PTA1",83.86875,0.00000,1.04762
"26-FEB-2025 11:55","251012025022255930","TP24","HWA1101 PTA2",83.86875,0.00000,1.00000
"26-FEB-2025 11:55","251012025022255930","TP24","HWA1101 PTA3",83.86875,0.00000,1.03158
"26-FEB-2025 11:55","251012025022255930","TP24","HWA1102",83.86875,11.97356,0.00000
"26-FEB-2025 11:55","251012025022255930","TP24","HWA1102 WAA0",83.86875,0.00000,22.65000
"26-FEB-2025 11:55","251012025022255930","TP24","HWB0331",78.02045,31.71878,0.00000
"26-FEB-2025 11:55","251012025022255930","TP24","HWB0331 MAH0",78.02045,0.00000,33.88000
"26-FEB-2025 11:55","251012025022255930","TP24","HWB0331 WPI0",78.02045,0.00000,0.00000
"26-FEB-2025 11:55","251012025022255930","TP24","HWB1101",77.97092,0.00000,0.00000
"26-FEB-2025 11:55","251012025022255930","TP24","HWB2201",78.05481,0.00000,0.00000
"26-FEB-2025 11:55","251012025022255930","TP24","IGH1101",81.31995,0.00000,0.00000
"26-FEB-2025 11:55","251012025022255930","TP24","INV0331",79.75671,36.87424,0.00000
"26-FEB-2025 11:55","251012025022255930","TP24","INV1101",80.07133,0.00000,0.00000
"26-FEB-2025 11:55","251012025022255930","TP24","INV2201",79.72423,0.00000,0.00000
"26-FEB-2025 11:55","251012025022255930","TP24","INV2202",79.72423,0.00000,0.00000
"26-FEB-2025 11:55","251012025022255930","TP24","ISL0331",80.51409,31.15237,0.00000
"26-FEB-2025 11:55","251012025022255930","TP24","ISL0661",80.56198,142.41085,0.00000
"26-FEB-2025 11:55","251012025022255930","TP24","ISL2201",80.33708,0.00000,0.00000
"26-FEB-2025 11:55","251012025022255930","TP24","JRD1101",81.35086,0.34535,0.00000
"26-FEB-2025 11:55","251012025022255930","TP24","JRD1101 JRD0",81.35086,0.00000,90.40000
"26-FEB-2025 11:55","251012025022255930","TP24","KAI0111",81.81315,8.49610,0.00000
"26-FEB-2025 11:55","251012025022255930","TP24","KAI0661",81.75607,0.00000,0.00000
"26-FEB-2025 11:55","251012025022255930","TP24","KAW0111",85.17670,12.91200,0.00000
"26-FEB-2025 11:55","251012025022255930","TP24","KAW0111 TAM0",85.17670,0.00000,24.00000
"26-FEB-2025 11:55","251012025022255930","TP24","KAW0112",85.40372,20.70000,0.00000
"26-FEB-2025 11:55","251012025022255930","TP24","KAW0112 ONU0",85.40372,0.00000,49.00000
"26-FEB-2025 11:55","251012025022255930","TP24","KAW1101",85.54349,0.00000,0.00000
"26-FEB-2025 11:55","251012025022255930","TP24","KAW1101 KAG0",85.54349,0.00000,105.00000
"26-FEB-2025 11:55","251012025022255930","TP24","KAW2201",86.21157,0.00000,0.00000
"26-FEB-2025 11:55","251012025022255930","TP24","KBT0661",81.39224,0.00000,0.00000
"26-FEB-2025 11:55","251012025022255930","TP24","KBT0662",81.39219,0.00000,0.00000
"26-FEB-2025 11:55","251012025022255930","TP24","KBY0661",81.41877,3.58339,0.00000
"26-FEB-2025 11:55","251012025022255930","TP24","KBY0662",81.41935,3.69898,0.00000
"26-FEB-2025 11:55","251012025022255930","TP24","KIK0111",80.79615,1.38712,0.00000
"26-FEB-2025 11:55","251012025022255930","TP24","KIK1101",80.81293,0.00000,0.00000
"26-FEB-2025 11:55","251012025022255930","TP24","KIK2201",81.06766,0.00000,0.00000
"26-FEB-2025 11:55","251012025022255930","TP24","KIN0111",91.48648,19.40000,0.00000
"26-FEB-2025 11:55","251012025022255930","TP24","KIN0112",91.18241,11.20000,0.00000
"26-FEB-2025 11:55","251012025022255930","TP24","KIN0112 KIN0",91.18241,0.00000,0.00000
"26-FEB-2025 11:55","251012025022255930","TP24","KIN0113",91.46111,35.20000,0.00000
"26-FEB-2025 11:55","251012025022255930","TP24","KIN0331",91.30903,11.17315,0.00000
"26-FEB-2025 11:55","251012025022255930","TP24","KIN1005",91.18241,0.00000,0.00000
"26-FEB-2025 11:55","251012025022255930","TP24","KIN1009",91.19980,0.00000,0.00000
"26-FEB-2025 11:55","251012025022255930","TP24","KIN1101",91.10364,0.00000,0.00000
"26-FEB-2025 11:55","251012025022255930","TP24","KIN1102",91.10364,0.00000,0.00000
"26-FEB-2025 11:55","251012025022255930","TP24","KMO0331",89.51264,17.97862,0.00000
"26-FEB-2025 11:55","251012025022255930","TP24","KMO1101",89.32390,0.00000,0.00000
"26-FEB-2025 11:55","251012025022255930","TP24","KMO1102",89.32390,0.00000,0.00000
"26-FEB-2025 11:55","251012025022255930","TP24","KMO1103",89.32390,0.00000,0.00000
"26-FEB-2025 11:55","251012025022255930","TP24","KMO2201",88.91263,0.00000,0.00000
"26-FEB-2025 11:55","251012025022255930","TP24","KOE1101",92.40443,23.98165,0.00000
"26-FEB-2025 11:55","251012025022255930","TP24","KOE1101 KSF0",92.40443,0.00000,23.69000
"26-FEB-2025 11:55","251012025022255930","TP24","KOE1101 NGB0",92.40443,0.00000,30.00000
"26-FEB-2025 11:55","251012025022255930","TP24","KPA1101",82.15020,0.63078,0.00000
"26-FEB-2025 11:55","251012025022255930","TP24","KPA1101 KPI1",82.15020,0.00000,14.00000
"26-FEB-2025 11:55","251012025022255930","TP24","KPO1101",91.62231,0.00000,0.00000
"26-FEB-2025 11:55","251012025022255930","TP24","KPO1101 KPO0",91.62231,0.00000,44.00000
"26-FEB-2025 11:55","251012025022255930","TP24","KPU0661",95.47981,26.81557,0.00000
"26-FEB-2025 11:55","251012025022255930","TP24","KPU1101",95.09416,0.00000,0.00000
"26-FEB-2025 11:55","251012025022255930","TP24","KPU1102",95.09446,0.00000,0.00000
"26-FEB-2025 11:55","251012025022255930","TP24","KUM0661",81.67177,0.00000,0.00000
"26-FEB-2025 11:55","251012025022255930","TP24","KUM0661 KUM0",81.67177,0.00000,0.00000
"26-FEB-2025 11:55","251012025022255930","TP24","KWA0111",81.76889,19.09593,0.00000
"26-FEB-2025 11:55","251012025022255930","TP24","KWA1101",81.62245,0.00000,0.00000
"26-FEB-2025 11:55","251012025022255930","TP24","KWA1102",81.62238,0.00000,0.00000
"26-FEB-2025 11:55","251012025022255930","TP24","LFD1101",90.42826,2.64093,0.00000
"26-FEB-2025 11:55","251012025022255930","TP24","LFD1102",90.42826,2.53935,0.00000
"26-FEB-2025 11:55","251012025022255930","TP24","LIV2201",77.15072,0.00000,0.00000
"26-FEB-2025 11:55","251012025022255930","TP24","LTN0331",81.90391,44.09332,0.00000
"26-FEB-2025 11:55","251012025022255930","TP24","LTN0331 TWF0",81.90391,0.00000,30.00000
"26-FEB-2025 11:55","251012025022255930","TP24","LTN2201",81.66547,0.00000,0.00000
"26-FEB-2025 11:55","251012025022255930","TP24","LTN2201 TUR0",81.66547,0.00000,194.00000
"26-FEB-2025 11:55","251012025022255930","TP24","LTN2202",82.03419,0.00000,0.00000
"26-FEB-2025 11:55","251012025022255930","TP24","MAN2201",77.01774,0.00000,0.00000
"26-FEB-2025 11:55","251012025022255930","TP24","MAN2201 MAN0",77.01774,0.00000,410.00000
"26-FEB-2025 11:55","251012025022255930","TP24","MAT1101",85.42959,0.00000,0.00000
"26-FEB-2025 11:55","251012025022255930","TP24","MAT1101 ANI0",85.42959,0.00000,0.00000
"26-FEB-2025 11:55","251012025022255930","TP24","MAT1101 MAT0",85.42959,0.00000,20.00000
"26-FEB-2025 11:55","251012025022255930","TP24","MCH0111",81.13727,0.00000,0.00000
"26-FEB-2025 11:55","251012025022255930","TP24","MCH1101",81.11206,0.00000,0.00000
"26-FEB-2025 11:55","251012025022255930","TP24","MDN1101",94.27136,0.00000,0.00000
"26-FEB-2025 11:55","251012025022255930","TP24","MDN2201",94.06659,0.00000,0.00000
"26-FEB-2025 11:55","251012025022255930","TP24","MGM0331",84.25214,11.07158,0.00000
"26-FEB-2025 11:55","251012025022255930","TP24","MGM1101",83.91013,0.00000,0.00000
"26-FEB-2025 11:55","251012025022255930","TP24","MHO0331",84.33966,24.77393,0.00000
"26-FEB-2025 11:55","251012025022255930","TP24","MHO0331 MHO0",84.33966,0.00000,0.00000
"26-FEB-2025 11:55","251012025022255930","TP24","MHO1101",84.01431,0.00000,0.00000
"26-FEB-2025 11:55","251012025022255930","TP24","MHO1102",84.01524,0.00000,0.00000
"26-FEB-2025 11:55","251012025022255930","TP24","MHT1102",81.55614,0.00000,0.00000
"26-FEB-2025 11:55","251012025022255930","TP24","MHT1103",81.55522,0.00000,0.00000
"26-FEB-2025 11:55","251012025022255930","TP24","MKE1101",80.75120,0.81259,0.00000
"26-FEB-2025 11:55","251012025022255930","TP24","MKE1101 MKE1",80.75120,0.00000,42.70000
"26-FEB-2025 11:55","251012025022255930","TP24","MKT1101",81.27649,0.00000,0.00000
"26-FEB-2025 11:55","251012025022255930","TP24","MLG0111",81.94183,14.42352,0.00000
"26-FEB-2025 11:55","251012025022255930","TP24","MLG0331",81.78145,15.74399,0.00000
"26-FEB-2025 11:55","251012025022255930","TP24","MLG1101",81.70424,0.00000,0.00000
"26-FEB-2025 11:55","251012025022255930","TP24","MLG1102",81.68960,0.00000,0.00000
"26-FEB-2025 11:55","251012025022255930","TP24","MNG0331",93.48709,88.97893,0.00000
"26-FEB-2025 11:55","251012025022255930","TP24","MNG1101",93.21262,4.60000,0.00000
"26-FEB-2025 11:55","251012025022255930","TP24","MNI0111",81.90213,9.04010,0.00000
"26-FEB-2025 11:55","251012025022255930","TP24","MNI1101",81.66932,0.00000,0.00000
"26-FEB-2025 11:55","251012025022255930","TP24","MPE1101",94.73059,75.26642,0.00000
"26-FEB-2025 11:55","251012025022255930","TP24","MST0331",84.32722,27.62816,0.00000
"26-FEB-2025 11:55","251012025022255930","TP24","MST1101",84.13331,0.00000,0.00000
"26-FEB-2025 11:55","251012025022255930","TP24","MTI2201",87.22690,0.00000,0.00000
"26-FEB-2025 11:55","251012025022255930","TP24","MTI2201 MTI0",87.22690,0.00000,146.85315
"26-FEB-2025 11:55","251012025022255930","TP24","MTM0331",90.12669,38.80131,0.00000
"26-FEB-2025 11:55","251012025022255930","TP24","MTM1101",89.93631,0.00000,0.00000
"26-FEB-2025 11:55","251012025022255930","TP24","MTN0331",83.95605,21.02584,0.00000
"26-FEB-2025 11:55","251012025022255930","TP24","MTN1101",83.67170,0.00000,0.00000
"26-FEB-2025 11:55","251012025022255930","TP24","MTN1102",83.66154,0.00000,0.00000
"26-FEB-2025 11:55","251012025022255930","TP24","MTO0331",95.97621,9.54797,0.00000
"26-FEB-2025 11:55","251012025022255930","TP24","MTO1101",95.59937,0.00000,0.00000
"26-FEB-2025 11:55","251012025022255930","TP24","MTO1102",95.59410,0.00000,0.00000
"26-FEB-2025 11:55","251012025022255930","TP24","MTR0331",85.91191,3.75824,0.00000
"26-FEB-2025 11:55","251012025022255930","TP24","MTR1101",85.76784,0.00000,0.00000
"26-FEB-2025 11:55","251012025022255930","TP24","MVE1101",93.46771,0.00000,0.00000
"26-FEB-2025 11:55","251012025022255930","TP24","MVE1102",93.46968,0.00000,0.00000
"26-FEB-2025 11:55","251012025022255930","TP24","NAP2201",86.25430,0.00000,0.00000
"26-FEB-2025 11:55","251012025022255930","TP24","NAP2201 NAP0",86.25430,0.00000,146.00000
"26-FEB-2025 11:55","251012025022255930","TP24","NAP2202",86.25430,0.00000,0.00000
"26-FEB-2025 11:55","251012025022255930","TP24","NAP2202 NTM0",86.25430,0.00000,63.00000
"26-FEB-2025 11:55","251012025022255930","TP24","NGA1101",92.40443,0.00000,0.00000
"26-FEB-2025 11:55","251012025022255930","TP24","NMA0331",79.58903,17.74356,0.00000
"26-FEB-2025 11:55","251012025022255930","TP24","NMA0331 WHL0",79.58903,0.00000,0.00000
"26-FEB-2025 11:55","251012025022255930","TP24","NMA2201",79.52302,0.00000,0.00000
"26-FEB-2025 11:55","251012025022255930","TP24","NPK0331",88.54252,1.11732,0.00000
"26-FEB-2025 11:55","251012025022255930","TP24","NPK1101",88.49890,0.00000,0.00000
"26-FEB-2025 11:55","251012025022255930","TP24","NSY0331",77.33977,13.51863,0.00000
"26-FEB-2025 11:55","251012025022255930","TP24","NSY0331 PAE0",77.33977,0.00000,3.50000
"26-FEB-2025 11:55","251012025022255930","TP24","NSY2201",77.29513,0.00000,0.00000
"26-FEB-2025 11:55","251012025022255930","TP24","NWD0661",79.98973,17.05000,0.00000
"26-FEB-2025 11:55","251012025022255930","TP24","NWD2201",79.96033,0.00000,0.00000
"26-FEB-2025 11:55","251012025022255930","TP24","OAM0331",79.20616,16.35644,0.00000
"26-FEB-2025 11:55","251012025022255930","TP24","OAM1101",78.90390,0.00000,0.00000
"26-FEB-2025 11:55","251012025022255930","TP24","OAM1102",79.39932,0.00000,0.00000
"26-FEB-2025 11:55","251012025022255930","TP24","OHA2201",76.72768,0.00000,0.00000
"26-FEB-2025 11:55","251012025022255930","TP24","OHA2201 OHA0",76.72768,0.00000,171.46100
"26-FEB-2025 11:55","251012025022255930","TP24","OHB2201",76.80490,0.00000,0.00000
"26-FEB-2025 11:55","251012025022255930","TP24","OHB2201 OHB0",76.80490,0.00000,151.45900
"26-FEB-2025 11:55","251012025022255930","TP24","OHC2201",76.64996,0.00000,0.00000
"26-FEB-2025 11:55","251012025022255930","TP24","OHC2201 OHC0",76.64996,0.00000,151.45900
"26-FEB-2025 11:55","251012025022255930","TP24","OHK2201",87.05149,0.00000,0.00000
"26-FEB-2025 11:55","251012025022255930","TP24","OHK2201 OHK0",87.05149,0.00000,46.00000
"26-FEB-2025 11:55","251012025022255930","TP24","OHW2201",90.01982,0.00000,0.00000
"26-FEB-2025 11:55","251012025022255930","TP24","OHW2202",90.01982,0.00000,0.00000
"26-FEB-2025 11:55","251012025022255930","TP24","OKE1101",88.80468,0.00000,0.00000
"26-FEB-2025 11:55","251012025022255930","TP24","OKI2201",86.38353,0.36364,0.00000
"26-FEB-2025 11:55","251012025022255930","TP24","OKI2201 OKI0",86.38353,0.00000,34.00000
"26-FEB-2025 11:55","251012025022255930","TP24","OKN0111",87.30266,2.74250,0.00000
"26-FEB-2025 11:55","251012025022255930","TP24","OKN1101",87.25965,0.00000,0.00000
"26-FEB-2025 11:55","251012025022255930","TP24","ONG0331",90.44101,0.00000,0.00000
"26-FEB-2025 11:55","251012025022255930","TP24","ONG1101",90.38805,0.00000,0.00000
"26-FEB-2025 11:55","251012025022255930","TP24","OPI2201",78.34298,0.00000,0.00000
"26-FEB-2025 11:55","251012025022255930","TP24","OPI2202",78.34886,0.00000,0.00000
"26-FEB-2025 11:55","251012025022255930","TP24","OPK0331",82.83697,5.28185,0.00000
"26-FEB-2025 11:55","251012025022255930","TP24","OPK1101",83.11363,0.00000,0.00000
"26-FEB-2025 11:55","251012025022255930","TP24","OPK1102",82.39329,0.00000,0.00000
"26-FEB-2025 11:55","251012025022255930","TP24","ORO1101",80.97474,0.00000,0.00000
"26-FEB-2025 11:55","251012025022255930","TP24","ORO1102",81.65700,2.08068,0.00000
"26-FEB-2025 11:55","251012025022255930","TP24","OTA0221",93.00051,41.84854,0.00000
"26-FEB-2025 11:55","251012025022255930","TP24","OTA1103",93.01868,0.00000,0.00000
"26-FEB-2025 11:55","251012025022255930","TP24","OTA1104",93.01868,0.00000,0.00000
"26-FEB-2025 11:55","251012025022255930","TP24","OTA1105",93.01868,0.00000,0.00000
"26-FEB-2025 11:55","251012025022255930","TP24","OTA1106",93.01868,0.00000,0.00000
"26-FEB-2025 11:55","251012025022255930","TP24","OTA1107",93.01868,0.00000,0.00000
"26-FEB-2025 11:55","251012025022255930","TP24","OTA1108",93.01868,0.00000,0.00000
"26-FEB-2025 11:55","251012025022255930","TP24","OTA1109",93.01868,0.00000,0.00000
"26-FEB-2025 11:55","251012025022255930","TP24","OTA110A",93.01868,0.00000,0.00000
"26-FEB-2025 11:55","251012025022255930","TP24","OTA2201",92.75751,0.00000,0.00000
"26-FEB-2025 11:55","251012025022255930","TP24","OTA2203",92.75540,0.00000,0.00000
"26-FEB-2025 11:55","251012025022255930","TP24","OTI0111",80.28578,0.00000,0.00000
"26-FEB-2025 11:55","251012025022255930","TP24","OTI0661",80.23004,0.00000,0.00000
"26-FEB-2025 11:55","251012025022255930","TP24","OWH0111",88.86939,5.38343,0.00000
"26-FEB-2025 11:55","251012025022255930","TP24","OWH1101",88.81660,0.00000,0.00000
"26-FEB-2025 11:55","251012025022255930","TP24","PAK0331",92.98945,82.27504,0.00000
"26-FEB-2025 11:55","251012025022255930","TP24","PAK2201",92.80997,0.00000,0.00000
"26-FEB-2025 11:55","251012025022255930","TP24","PAO1101",93.54795,28.64390,0.00000
"26-FEB-2025 11:55","251012025022255930","TP24","PEN0221",93.79780,29.05020,0.00000
"26-FEB-2025 11:55","251012025022255930","TP24","PEN0222",93.79780,0.00000,0.00000
"26-FEB-2025 11:55","251012025022255930","TP24","PEN0251",93.15369,4.87556,0.00000
"26-FEB-2025 11:55","251012025022255930","TP24","PEN0331",93.59495,184.45860,0.00000
"26-FEB-2025 11:55","251012025022255930","TP24","PEN1101",93.23318,102.48829,0.00000
"26-FEB-2025 11:55","251012025022255930","TP24","PEN2201",93.09390,0.00000,0.00000
"26-FEB-2025 11:55","251012025022255930","TP24","PIE1101",89.50780,0.00000,0.00000
"26-FEB-2025 11:55","251012025022255930","TP24","PNI0331",81.50233,5.58658,0.00000
"26-FEB-2025 11:55","251012025022255930","TP24","PNI1101",81.43249,0.00000,0.00000
"26-FEB-2025 11:55","251012025022255930","TP24","PNI1102",81.43312,0.00000,0.00000
"26-FEB-2025 11:55","251012025022255930","TP24","PPI2201",86.61115,0.00000,0.00000
"26-FEB-2025 11:55","251012025022255930","TP24","PPI2201 PPI0",86.61115,0.00000,38.00000
"26-FEB-2025 11:55","251012025022255930","TP24","PRM0331",81.77898,26.81557,0.00000
"26-FEB-2025 11:55","251012025022255930","TP24","PRM2201",81.74594,0.00000,0.00000
"26-FEB-2025 11:55","251012025022255930","TP24","PRM2202",81.74548,0.00000,0.00000
"26-FEB-2025 11:55","251012025022255930","TP24","PRT2201",81.74284,0.00000,0.00000
"26-FEB-2025 11:55","251012025022255930","TP24","PRT2202",81.74255,0.00000,0.00000
"26-FEB-2025 11:55","251012025022255930","TP24","RDF0331",88.61180,50.07604,0.00000
"26-FEB-2025 11:55","251012025022255930","TP24","RDF1101",88.40463,0.00000,0.00000
"26-FEB-2025 11:55","251012025022255930","TP24","RDF1102",88.40463,0.00000,0.00000
"26-FEB-2025 11:55","251012025022255930","TP24","RDF2201",88.10607,0.00000,0.00000
"26-FEB-2025 11:55","251012025022255930","TP24","RFC1101",81.56393,0.00000,0.00000
"26-FEB-2025 11:55","251012025022255930","TP24","RFN1101",81.56794,2.31186,0.00000
"26-FEB-2025 11:55","251012025022255930","TP24","RFN1102",81.55040,0.00000,0.00000
"26-FEB-2025 11:55","251012025022255930","TP24","ROS0221",93.91797,49.87289,0.00000
"26-FEB-2025 11:55","251012025022255930","TP24","ROS1101",93.69257,23.46362,0.00000
"26-FEB-2025 11:55","251012025022255930","TP24","ROT0111",89.27328,11.37630,0.00000
"26-FEB-2025 11:55","251012025022255930","TP24","ROT0331",89.39606,32.80844,0.00000
"26-FEB-2025 11:55","251012025022255930","TP24","ROT1101",88.91194,0.00000,0.00000
"26-FEB-2025 11:55","251012025022255930","TP24","ROT1101 WHE0",88.91194,0.00000,5.50000
"26-FEB-2025 11:55","251012025022255930","TP24","ROT1102",89.20732,0.00000,0.00000
"26-FEB-2025 11:55","251012025022255930","TP24","ROX1101",77.19642,0.00000,0.00000
"26-FEB-2025 11:55","251012025022255930","TP24","ROX1101 ROX0",77.19642,0.00000,30.00100
"26-FEB-2025 11:55","251012025022255930","TP24","ROX2201",77.57961,0.00000,0.00000
"26-FEB-2025 11:55","251012025022255930","TP24","ROX2201 ROX0",77.57961,0.00000,56.00000
"26-FEB-2025 11:55","251012025022255930","TP24","RPO2201",84.35517,0.00000,0.00000
"26-FEB-2025 11:55","251012025022255930","TP24","RPO2201 RPO0",84.35517,0.00000,55.00000
"26-FEB-2025 11:55","251012025022255930","TP24","RTO1101",92.49896,0.00000,0.00000
"26-FEB-2025 11:55","251012025022255930","TP24","RTR1101",88.39371,0.00000,0.00000
"26-FEB-2025 11:55","251012025022255930","TP24","SBK0661",81.58242,17.62797,0.00000
"26-FEB-2025 11:55","251012025022255930","TP24","SDN0331",78.12965,23.58102,0.00000
"26-FEB-2025 11:55","251012025022255930","TP24","SDN2201",78.08950,0.00000,0.00000
"26-FEB-2025 11:55","251012025022255930","TP24","SFD0331",83.00605,17.87704,0.00000
"26-FEB-2025 11:55","251012025022255930","TP24","SFD1101",82.83117,0.00000,0.00000
"26-FEB-2025 11:55","251012025022255930","TP24","SFD2201",82.92473,0.00000,0.00000
"26-FEB-2025 11:55","251012025022255930","TP24","SFD2201 SFD21",82.92473,0.00000,65.00000
"26-FEB-2025 11:55","251012025022255930","TP24","SFD2201 SFD22",82.92473,0.00000,60.00000
"26-FEB-2025 11:55","251012025022255930","TP24","SFD2201 SPL0",82.92473,0.00000,0.00000
"26-FEB-2025 11:55","251012025022255930","TP24","STK0331",81.46836,40.88128,0.00000
"26-FEB-2025 11:55","251012025022255930","TP24","STK0331 SZR0",81.46836,0.00000,0.00000
"26-FEB-2025 11:55","251012025022255930","TP24","STK0661",81.52687,10.08551,0.00000
"26-FEB-2025 11:55","251012025022255930","TP24","STK0661 COB0",81.52687,0.00000,16.25000
"26-FEB-2025 11:55","251012025022255930","TP24","STK1101",81.55308,0.00000,0.00000
"26-FEB-2025 11:55","251012025022255930","TP24","STK2201",81.30184,0.00000,0.00000
"26-FEB-2025 11:55","251012025022255930","TP24","STU0111",78.95682,3.12102,0.00000
"26-FEB-2025 11:55","251012025022255930","TP24","STU1101",78.88381,0.00000,0.00000
"26-FEB-2025 11:55","251012025022255930","TP24","SVL0331",93.62907,49.66974,0.00000
"26-FEB-2025 11:55","251012025022255930","TP24","SVL2201",93.44909,0.00000,0.00000
"26-FEB-2025 11:55","251012025022255930","TP24","SVL2202",93.45197,0.00000,0.00000
"26-FEB-2025 11:55","251012025022255930","TP24","SWN0251",92.94192,6.19602,0.00000
"26-FEB-2025 11:55","251012025022255930","TP24","SWN2201",92.88227,0.00000,0.00000
"26-FEB-2025 11:55","251012025022255930","TP24","TAB2201 TAB0",86.56122,0.00000,145.00000
"26-FEB-2025 11:55","251012025022255930","TP24","TAK0331",92.74551,69.13642,0.00000
"26-FEB-2025 11:55","251012025022255930","TP24","TAK0331 SZR0",92.74551,0.00000,0.00000
"26-FEB-2025 11:55","251012025022255930","TP24","TAK2201",92.55016,0.00000,0.00000
"26-FEB-2025 11:55","251012025022255930","TP24","TAK2202",92.64138,0.00000,0.00000
"26-FEB-2025 11:55","251012025022255930","TP24","TGA0111",89.95341,12.39204,0.00000
"26-FEB-2025 11:55","251012025022255930","TP24","TGA0331",89.88042,50.38076,0.00000
"26-FEB-2025 11:55","251012025022255930","TP24","TGA0331 KMI0",89.88042,0.00000,7.50000
"26-FEB-2025 11:55","251012025022255930","TP24","TGA1101",89.66766,0.00000,0.00000
"26-FEB-2025 11:55","251012025022255930","TP24","THI2201",86.63239,0.00000,0.00000
"26-FEB-2025 11:55","251012025022255930","TP24","THI2201 THI1",86.63239,0.00000,81.00000
"26-FEB-2025 11:55","251012025022255930","TP24","THI2201 THI2",86.63239,0.00000,84.00000
"26-FEB-2025 11:55","251012025022255930","TP24","TIM0111",78.67607,25.19932,0.00000
"26-FEB-2025 11:55","251012025022255930","TP24","TIM1101",78.46392,0.00000,0.00000
"26-FEB-2025 11:55","251012025022255930","TP24","TIM2201",78.42912,0.00000,0.00000
"26-FEB-2025 11:55","251012025022255930","TP24","TIM2202",78.44253,0.00000,0.00000
"26-FEB-2025 11:55","251012025022255930","TP24","TKA0111",79.14748,0.00000,0.00000
"26-FEB-2025 11:55","251012025022255930","TP24","TKA0111 TKA1",79.14748,0.00000,0.00000
"26-FEB-2025 11:55","251012025022255930","TP24","TKA0331",79.20291,1.15593,0.00000
"26-FEB-2025 11:55","251012025022255930","TP24","TKA1101",79.10171,0.00000,0.00000
"26-FEB-2025 11:55","251012025022255930","TP24","TKB2201",77.22001,0.00000,0.00000
"26-FEB-2025 11:55","251012025022255930","TP24","TKB2201 TKB1",77.22001,0.00000,0.00000
"26-FEB-2025 11:55","251012025022255930","TP24","TKR0331",81.67304,46.21622,0.00000
"26-FEB-2025 11:55","251012025022255930","TP24","TKR1101",81.36699,0.00000,0.00000
"26-FEB-2025 11:55","251012025022255930","TP24","TKU0331",85.27467,7.41491,0.00000
"26-FEB-2025 11:55","251012025022255930","TP24","TKU2201",85.02031,0.00000,0.00000
"26-FEB-2025 11:55","251012025022255930","TP24","TKU2201 TKU0",85.02031,0.00000,94.00000
"26-FEB-2025 11:55","251012025022255930","TP24","TMH2201",78.04620,0.00000,0.00000
"26-FEB-2025 11:55","251012025022255930","TP24","TMI0331",90.01199,20.72112,0.00000
"26-FEB-2025 11:55","251012025022255930","TP24","TMI1101",89.76263,0.00000,0.00000
"26-FEB-2025 11:55","251012025022255930","TP24","TMK0331",78.94265,19.07288,0.00000
"26-FEB-2025 11:55","251012025022255930","TP24","TMK1101",78.69055,0.00000,0.00000
"26-FEB-2025 11:55","251012025022255930","TP24","TMK1102",78.68914,0.00000,0.00000
"26-FEB-2025 11:55","251012025022255930","TP24","TMN0551",85.89753,0.00000,0.00000
"26-FEB-2025 11:55","251012025022255930","TP24","TMN2201",85.82803,0.00000,0.00000
"26-FEB-2025 11:55","251012025022255930","TP24","TMU0111",93.71231,22.24473,0.00000
"26-FEB-2025 11:55","251012025022255930","TP24","TMU1101",93.49059,0.00000,0.00000
"26-FEB-2025 11:55","251012025022255930","TP24","TNG0111",83.71904,0.00000,0.00000
"26-FEB-2025 11:55","251012025022255930","TP24","TNG0551",83.68556,0.00000,0.00000
"26-FEB-2025 11:55","251012025022255930","TP24","TNG2201",83.62682,0.00000,0.00000
"26-FEB-2025 11:55","251012025022255930","TP24","TRK0111",88.63847,3.55509,0.00000
"26-FEB-2025 11:55","251012025022255930","TP24","TRK1101",88.41640,0.00000,0.00000
"26-FEB-2025 11:55","251012025022255930","TP24","TRK1102",88.41640,0.00000,0.00000
"26-FEB-2025 11:55","251012025022255930","TP24","TRK2201",87.93938,0.00000,0.00000
"26-FEB-2025 11:55","251012025022255930","TP24","TUI1101",88.71255,36.97298,0.00000
"26-FEB-2025 11:55","251012025022255930","TP24","TUI1101 KTW0",88.71255,0.00000,7.70000
"26-FEB-2025 11:55","251012025022255930","TP24","TUI1101 PRI0",88.71255,0.00000,13.80000
"26-FEB-2025 11:55","251012025022255930","TP24","TUI1101 TUI0",88.71255,0.00000,18.50000
"26-FEB-2025 11:55","251012025022255930","TP24","TWC2201",81.79737,0.00000,0.00000
"26-FEB-2025 11:55","251012025022255930","TP24","TWC2201 NZW0",81.79737,0.00000,3.82000
"26-FEB-2025 11:55","251012025022255930","TP24","TWC2201 TWF0",81.79737,0.00000,23.45000
"26-FEB-2025 11:55","251012025022255930","TP24","TWH0331",90.04635,58.50669,0.00000
"26-FEB-2025 11:55","251012025022255930","TP24","TWH0331 TUK0",90.04635,0.00000,0.00000
"26-FEB-2025 11:55","251012025022255930","TP24","TWH2201",89.84869,0.00000,0.00000
"26-FEB-2025 11:55","251012025022255930","TP24","TWI2201",80.27643,553.00000,0.00000
"26-FEB-2025 11:55","251012025022255930","TP24","TWT2201",81.81560,0.00000,0.00000
"26-FEB-2025 11:55","251012025022255930","TP24","TWZ0331",76.90105,2.54305,0.00000
"26-FEB-2025 11:55","251012025022255930","TP24","TWZ2201",76.86707,0.00000,0.00000
"26-FEB-2025 11:55","251012025022255930","TP24","TWZ2202",76.86707,0.00000,0.00000
"26-FEB-2025 11:55","251012025022255930","TP24","UHT0331",81.62419,15.13454,0.00000
"26-FEB-2025 11:55","251012025022255930","TP24","UHT1101",81.36883,0.00000,0.00000
"26-FEB-2025 11:55","251012025022255930","TP24","WAI0111",88.51517,6.50074,0.00000
"26-FEB-2025 11:55","251012025022255930","TP24","WAI0501",88.82356,0.71102,0.00000
"26-FEB-2025 11:55","251012025022255930","TP24","WAI1101",88.06726,0.00000,0.00000
"26-FEB-2025 11:55","251012025022255930","TP24","WDV0111",83.30325,1.21889,0.00000
"26-FEB-2025 11:55","251012025022255930","TP24","WDV1101",83.27600,0.00000,0.00000
"26-FEB-2025 11:55","251012025022255930","TP24","WDV1101 TAP0",83.27600,0.00000,0.00000
"26-FEB-2025 11:55","251012025022255930","TP24","WDV1102",83.27600,0.00000,0.00000
"26-FEB-2025 11:55","251012025022255930","TP24","WEL0331",95.90435,21.43214,0.00000
"26-FEB-2025 11:55","251012025022255930","TP24","WEL1101",95.64417,0.00000,0.00000
"26-FEB-2025 11:55","251012025022255930","TP24","WEL1102",95.63411,0.00000,0.00000
"26-FEB-2025 11:55","251012025022255930","TP24","WGN0331",84.41387,22.85418,0.00000
"26-FEB-2025 11:55","251012025022255930","TP24","WGN1101",84.04126,0.00000,0.00000
"26-FEB-2025 11:55","251012025022255930","TP24","WHI0111",88.19225,33.90000,0.00000
"26-FEB-2025 11:55","251012025022255930","TP24","WHI2201",88.05083,0.00000,0.00000
"26-FEB-2025 11:55","251012025022255930","TP24","WHI2201 WHI1",88.05083,0.00000,0.00000
"26-FEB-2025 11:55","251012025022255930","TP24","WHI2201 WHI2",88.05083,0.00000,0.00000
"26-FEB-2025 11:55","251012025022255930","TP24","WHI2201 WHI3",88.05083,0.00000,0.00000
"26-FEB-2025 11:55","251012025022255930","TP24","WHU0331",94.17787,21.73686,0.00000
"26-FEB-2025 11:55","251012025022255930","TP24","WHU1101",94.13727,0.00000,0.00000
"26-FEB-2025 11:55","251012025022255930","TP24","WIL0331",81.43482,19.90853,0.00000
"26-FEB-2025 11:55","251012025022255930","TP24","WIL0331 MCK0",81.43482,0.00000,0.00000
"26-FEB-2025 11:55","251012025022255930","TP24","WIL1101",81.51242,0.00000,0.00000
"26-FEB-2025 11:55","251012025022255930","TP24","WIL2201",81.41914,0.00000,0.00000
"26-FEB-2025 11:55","251012025022255930","TP24","WIR0331",93.57205,70.18772,0.00000
"26-FEB-2025 11:55","251012025022255930","TP24","WIR1101",93.21615,0.00000,0.00000
"26-FEB-2025 11:55","251012025022255930","TP24","WIR1102",93.21506,0.00000,0.00000
"26-FEB-2025 11:55","251012025022255930","TP24","WKM2201",87.44486,0.00000,0.00000
"26-FEB-2025 11:55","251012025022255930","TP24","WKM2201 MOK0",87.44486,0.00000,76.00000
"26-FEB-2025 11:55","251012025022255930","TP24","WKM2201 WKM0",87.44486,0.00000,56.00000
"26-FEB-2025 11:55","251012025022255930","TP24","WKM2202",87.45532,0.00000,0.00000
"26-FEB-2025 11:55","251012025022255930","TP24","WKO0331",95.00341,25.49510,0.00000
"26-FEB-2025 11:55","251012025022255930","TP24","WKO1101",94.80531,0.00000,0.00000
"26-FEB-2025 11:55","251012025022255930","TP24","WPA2201",87.14441,0.13611,0.00000
"26-FEB-2025 11:55","251012025022255930","TP24","WPA2201 WPA0",87.14441,0.00000,18.00000
"26-FEB-2025 11:55","251012025022255930","TP24","WPR0331",80.48052,2.88983,0.00000
"26-FEB-2025 11:55","251012025022255930","TP24","WPR0661",80.23495,1.61831,0.00000
"26-FEB-2025 11:55","251012025022255930","TP24","WPR2202",80.45785,0.00000,0.00000
"26-FEB-2025 11:55","251012025022255930","TP24","WPR2203",80.45947,0.00000,0.00000
"26-FEB-2025 11:55","251012025022255930","TP24","WPW0331",86.26578,18.18177,0.00000
"26-FEB-2025 11:55","251012025022255930","TP24","WPW1101",85.89493,0.00000,0.00000
"26-FEB-2025 11:55","251012025022255930","TP24","WPW1102",85.94324,0.00000,0.00000
"26-FEB-2025 11:55","251012025022255930","TP24","WRD0331",93.50033,44.99733,0.00000
"26-FEB-2025 11:55","251012025022255930","TP24","WRD2201",93.30467,0.00000,0.00000
"26-FEB-2025 11:55","251012025022255930","TP24","WRK0331",86.63718,28.54233,0.00000
"26-FEB-2025 11:55","251012025022255930","TP24","WRK0331 RKA0",86.63718,0.00000,23.00000
"26-FEB-2025 11:55","251012025022255930","TP24","WRK0331 TAA0",86.63718,0.00000,0.00000
"26-FEB-2025 11:55","251012025022255930","TP24","WRK2201",86.57996,0.00000,0.00000
"26-FEB-2025 11:55","251012025022255930","TP24","WRK2201 WRK0",86.57996,0.00000,90.00000
"26-FEB-2025 11:55","251012025022255930","TP24","WTK0111",76.26751,3.52559,0.00000
"26-FEB-2025 11:55","251012025022255930","TP24","WTK0111 WTK0",76.26751,0.00000,74.33000
"26-FEB-2025 11:55","251012025022255930","TP24","WTK0331",76.36129,0.00000,0.00000
"26-FEB-2025 11:55","251012025022255930","TP24","WTK1101",76.67176,0.00000,0.00000
"26-FEB-2025 11:55","251012025022255930","TP24","WTK1102",76.58318,0.00000,0.00000
"26-FEB-2025 11:55","251012025022255930","TP24","WTK2201",76.60380,0.00000,0.00000
"26-FEB-2025 11:55","251012025022255930","TP24","WTU0331",88.38330,46.52095,0.00000
"26-FEB-2025 11:55","251012025022255930","TP24","WTU2201",88.14789,0.00000,0.00000
"26-FEB-2025 11:55","251012025022255930","TP24","WTU2202",88.14796,0.00000,0.00000
"26-FEB-2025 11:55","251012025022255930","TP24","WVY0111",84.20112,3.04722,0.00000
"26-FEB-2025 11:55","251012025022255930","TP24","WVY1101",83.94122,6.67444,0.00000
"26-FEB-2025 11:55","251012025022255930","TP24","WVY1101 WPP0",83.94122,0.00000,3.32000
"26-FEB-2025 11:55","251012025022255930","TP24","WWD1102",81.51574,0.00000,0.00000
"26-FEB-2025 11:55","251012025022255930","TP24","WWD1102 WWD0",81.51574,0.00000,0.00000
"26-FEB-2025 11:55","251012025022255930","TP24","WWD1103",81.51587,0.00000,0.00000
"26-FEB-2025 11:55","251012025022255930","TP24","WWD1103 WWD0",81.51587,0.00000,0.00000
